<?xml version="1.0" ?>
<routes xmlns:xsi="http://www.w3.org/2001/XMLSchema-instance" xsi:noNamespaceSchemaLocation="urn:magento:module:Magento_Webapi:etc/webapi.xsd">
	<route url="/V1/custom-api/login" method="POST">
		<service class="Custom\Api\Api\LoginManagementInterface" method="postLogin"/>
		<resources>
			<resource ref="anonymous"/>
		</resources>
	</route>
	<route url="/V1/custom-api/register" method="POST">
		<service class="Custom\Api\Api\RegistrationManagementInterface" method="registerDetails"/>
		<resources>
			<resource ref="anonymous"/>
		</resources>
	</route>
	<route url="/V1/custom-api/forgetpassword" method="POST">
		<service class="Custom\Api\Api\ForgetManagementInterface" method="forgetPassword"/>
		<resources>
			<resource ref="anonymous"/>
		</resources>
	</route>
	<route url="/V1/custom-api/resetpassword" method="POST">
		<service class="Custom\Api\Api\ResetManagementInterface" method="resetPassword"/>
		<resources>
			<resource ref="anonymous"/>
		</resources>
	</route>
	<route url="/V1/custom-api/homepage/banner" method="POST">
		<service class="Custom\Api\Api\HomePageManagementInterface" method="homePageBanner"/>
		<resources>
			<resource ref="anonymous"/>
		</resources>
	</route>
	<route url="/V1/custom-api/homepage/search" method="POST">
		<service class="Custom\Api\Api\HomePageManagementInterface" method="homePageSearch"/>
		<resources>
			<resource ref="anonymous"/>
		</resources>
	</route>
	<route url="/V1/custom-api/homepage/categories" method="POST">
		<service class="Custom\Api\Api\HomePageManagementInterface" method="homePageCategories"/>
		<resources>
			<resource ref="anonymous"/>
		</resources>
	</route>
	<route url="/V1/custom-api/homepage/topcategories" method="POST">
		<service class="Custom\Api\Api\HomePageManagementInterface" method="homePageTopCategories"/>
		<resources>
			<resource ref="anonymous"/>
		</resources>
	</route>
	<route url="/V1/custom-api/homepage/brands" method="POST">
		<service class="Custom\Api\Api\HomePageManagementInterface" method="homePageProductBrand"/>
		<resources>
			<resource ref="anonymous"/>
		</resources>
	</route>
	<route url="/V1/custom-api/homepage/topbrands" method="POST">
		<service class="Custom\Api\Api\HomePageManagementInterface" method="homePageProductBrandOptions"/>
		<resources>
			<resource ref="anonymous"/>
		</resources>
	</route>
</routes>
