<?xml version="1.0"?>
<config xmlns:xsi="http://www.w3.org/2001/XMLSchema-instance" xsi:noNamespaceSchemaLocation="urn:magento:framework:ObjectManager/etc/config.xsd">
    <type name="Magento\SalesRule\Model\Rule\Action\Discount\CalculatorFactory">
        <arguments>
            <argument name="discountRules" xsi:type="array">
                <item name="buy_x_get_n_of_different_y_percent_discount_action" xsi:type="string">Mexbs\Bogo\Model\Rule\Action\Discount\BuyXGetNOfYPercentDiscount</item>
                <item name="buy_x_get_n_of_different_y_fixed_discount_action" xsi:type="string">Mexbs\Bogo\Model\Rule\Action\Discount\BuyXGetNOfYFixedDiscount</item>
                <item name="buy_x_get_n_of_different_y_fixed_price_discount_action" xsi:type="string">Mexbs\Bogo\Model\Rule\Action\Discount\BuyXGetNOfYFixedPriceDiscount</item>
            </argument>
        </arguments>
    </type>
</config>