<?xml version="1.0"?>
<config xmlns:xsi="http://www.w3.org/2001/XMLSchema-instance" xsi:noNamespaceSchemaLocation="urn:magento:framework:Indexer/etc/indexer.xsd">
    <indexer id="apactionrule_rule" view_id="apactionrule_rule" class="Mexbs\ApBase\Model\Indexer\Rule\RuleProductIndexer" shared_index="apactionrule">
        <title translate="true">Additional Promotion Action Product</title>
        <description translate="true">Indexed rule/product association</description>
    </indexer>
    <indexer id="apactionrule_product" view_id="apactionrule_product" class="Mexbs\ApBase\Model\Indexer\Product\ProductRuleIndexer" shared_index="apactionrule">
        <title translate="true">Additional Promotion Action Product Rule</title>
        <description translate="true">Indexed product/rule association</description>
    </indexer>
</config>
