<?xml version="1.0"?>
<config xmlns:xsi="http://www.w3.org/2001/XMLSchema-instance" xsi:noNamespaceSchemaLocation="urn:magento:framework:Mview/etc/mview.xsd">
    <view id="apactionrule_rule" class="Mexbs\ApBase\Model\Indexer\Rule\RuleProductIndexer" group="indexer">
        <subscriptions>
            <table name="salesrule" entity_column="rule_id" />
        </subscriptions>
    </view>
    <view id="apactionrule_product" class="Mexbs\ApBase\Model\Indexer\Product\ProductRuleIndexer" group="indexer">
        <subscriptions>
            <table name="catalog_product_entity" entity_column="entity_id" />
            <table name="catalog_product_entity_datetime" entity_column="entity_id" />
            <table name="catalog_product_entity_decimal" entity_column="entity_id" />
            <table name="catalog_product_entity_gallery" entity_column="entity_id" />
            <table name="catalog_product_entity_int" entity_column="entity_id" />
            <table name="catalog_product_entity_media_gallery" entity_column="value_id" />
            <table name="catalog_product_entity_media_gallery_value" entity_column="entity_id" />
            <table name="catalog_product_entity_text" entity_column="entity_id" />
            <table name="catalog_product_entity_tier_price" entity_column="entity_id" />
            <table name="catalog_product_entity_varchar" entity_column="entity_id" />
            <table name="catalog_category_product" entity_column="product_id" />
        </subscriptions>
    </view>
</config>
